size,time_ms
64,6.9038e-05
128,0.00119724
256,0.0117887
512,0.130878
1024,3.00372
2048,25.6321
4096,213.943
