size,time_ms
64,6.8837e-05
128,0.000922702
256,0.011562
512,0.148613
1024,3.04565
2048,38.6932
4096,305.038
