size,time_ms
64,6.8876e-05
128,0.000926134
256,0.0117318
512,0.133071
1024,1.72816
2048,13.8625
4096,109.899
