size,time_ms
64,6.6404e-05
128,0.000521539
256,0.00410225
512,0.0490053
1024,0.865286
2048,6.88213
4096,55.9459
