size,time_ms
64,7.6452e-05
128,0.000523902
256,0.00387885
512,0.0295334
1024,0.491177
2048,3.93744
4096,31.9086
8192,260.432
16384,2140.63
