size,time_ms
64,0.337127
128,0.134691
256,0.130824
512,0.139166
1024,0.140177
2048,0.186806
4096,0.411756
8192,1.70486
16384,10.6321
