size,time_ms
64,0.000582946
128,0.00124749
256,0.00241638
512,0.0228259
1024,0.440097
2048,4.97573
4096,39.9498
