size,time_ms
64,0.00232934
128,0.00151636
256,0.00207221
512,0.00585608
1024,0.0573031
2048,0.616118
4096,4.91739
8192,52.6422
16384,550.901
