size,time_ms
64,8.4059e-05
128,0.000816155
256,0.0111711
512,0.130355
1024,3.1679
2048,40.4381
4096,293.183
