size,time_ms
64,3.4854e-05
128,0.00023552
256,0.00186929
512,0.0192826
1024,0.366841
2048,4.89563
4096,37.2553
